,precision,recall,f1-score,support
billete,0.8933933933933934,0.9311424100156495,0.9118773946360154,1278.0
knife,0.3422818791946309,0.765,0.47295208655332305,400.0
monedero,0.9373219373219374,0.7105831533477321,0.8083538083538083,926.0
pistol,0.8293545534924845,0.938,0.8803378695448146,3000.0
smartphone,0.7615894039735099,0.3779786359901397,0.5052169137836353,1217.0
tarjeta,0.5888399412628488,0.510828025477707,0.5470668485675307,785.0
accuracy,0.7663686563239548,0.7663686563239548,0.7663686563239548,0.7663686563239548
macro avg,0.7254635181064675,0.7055887041385379,0.6876341535731879,7606.0
weighted avg,0.7919782988955134,0.7663686563239548,0.7610315330444942,7606.0
