,precision,recall,f1-score,support
billete,0.8202764976958525,0.6964006259780907,0.7532797291578502,1278.0
knife,0.11694290976058933,0.635,0.19751166407465007,400.0
monedero,0.5569620253164557,0.23758099352051837,0.3330809992429977,926.0
pistol,0.7985150185622679,0.7886666666666666,0.7935602884454134,3000.0
smartphone,0.48255813953488375,0.13640098603122433,0.21268417680973734,1217.0
tarjeta,0.4420401854714065,0.3643312101910828,0.3994413407821229,785.0
accuracy,0.5498290823034446,0.5498290823034446,0.5498290823034446,0.5498290823034446
macro avg,0.5362157960569093,0.4763967470645971,0.44825969975212865,7606.0
weighted avg,0.6495736550747285,0.5498290823034446,0.5657649389718992,7606.0
