,precision,recall,f1-score,support
billete,0.8851095993953136,0.9162754303599374,0.9004229142637448,1278.0
knife,0.2893923789907312,0.7025,0.4099197665937272,400.0
monedero,0.9042553191489362,0.734341252699784,0.8104886769964244,926.0
pistol,0.846656298600311,0.9073333333333333,0.8759452936444087,3000.0
smartphone,0.7885532591414944,0.4075595727198028,0.5373781148429035,1217.0
tarjeta,0.6145251396648045,0.5605095541401274,0.586275816122585,785.0
accuracy,0.7612411254272943,0.7612411254272943,0.7612411254272943,0.7612411254272943
macro avg,0.7214153324902651,0.7047531905421641,0.6867384304106322,7606.0
weighted avg,0.7975687473006076,0.7612411254272943,0.7635120258110063,7606.0
