model,avg_inference_time_ms,images_per_second,total_inference_time_seconds,model_load_time_seconds,model_size_mb,parameter_count
scratch,4.089780748904936,244.51188496296683,31.10687237617094,0.0699839579174295,9.148091316223145,2389030
transfer,7.4248398230071935,134.6830401514281,56.473331693792716,0.18188487505540252,42.72150707244873,11179590
mobilenetv2,7.415529333143548,134.85214002600213,56.402516107889824,0.18863374995999038,8.74476146697998,2231558
