model,total_images,accuracy,balanced_accuracy,macro_precision,macro_recall,macro_f1,weighted_precision,weighted_recall,weighted_f1,binary_accuracy,binary_precision,binary_recall,binary_f1,binary_roc_auc,binary_pr_auc,total_errors,multiclass_error_rate,binary_errors,false_positives,false_negatives,avg_inference_time_ms,images_per_second,total_inference_time_seconds,model_load_time_seconds,model_size_mb,parameter_count
scratch,7606,0.5498290823034446,0.4763967470645971,0.5362157960569093,0.4763967470645971,0.44825969975212865,0.6495736550747285,0.5498290823034446,0.5657649389718992,0.6924796213515646,0.6033106134371957,0.9111764705882353,0.7259519625073227,0.7937397904953708,0.7293819994711084,3424,0.4501709176965554,2339,2037,302,4.089780748904936,244.51188496296683,31.10687237617094,0.0699839579174295,9.148091316223145,2389030
transfer,7606,0.7612411254272943,0.7047531905421641,0.7214153324902651,0.7047531905421641,0.6867384304106322,0.7975687473006076,0.7612411254272943,0.7635120258110063,0.8614251906389693,0.7802197802197802,0.9605882352941176,0.8610598470867388,0.9560406002629296,0.9404204176275215,1816,0.23875887457270575,1054,920,134,7.4248398230071935,134.6830401514281,56.473331693792716,0.18188487505540252,42.72150707244873,11179590
mobilenetv2,7606,0.7663686563239548,0.7055887041385379,0.7254635181064675,0.7055887041385379,0.6876341535731879,0.7919782988955134,0.7663686563239548,0.7610315330444942,0.8602419142782014,0.7725682295311407,0.9741176470588235,0.861714583062313,0.9650681099829377,0.9515560887787855,1777,0.23363134367604524,1063,975,88,7.415529333143548,134.85214002600213,56.402516107889824,0.18863374995999038,8.74476146697998,2231558
