model,epochs_recorded,best_val_acc,best_val_acc_epoch,best_val_loss,best_val_loss_epoch,final_train_acc,final_val_acc,final_train_loss,final_val_loss
scratch,30,0.8414804469273743,27,0.5172774914922661,27,0.832934131736527,0.8261173184357542,0.4756180484137849,0.5544857302857511
transfer,15,0.9846368715083799,14,0.05209298556678351,15,0.9985029940119761,0.9832402234636871,0.006269965909559469,0.05209298556678351
mobilenetv2,15,0.9811452513966481,13,0.09440860816234639,10,0.9965568862275449,0.9755586592178771,0.008270855614508386,0.11007837429395538
